mm,yyyy,Pemba_Airport,Mkoani,Weni,AMKarume_Airport,Victoria_Garden,Paje,Makunduchi,Kizimbani,Donge,JKNIA,Kisarawe
Jan,1970,-99,-99,-99,106.3,-99,-99,-99,64.0,-99,110.7,-99
Feb,1970,-99,-99,-99,78.6,-99,-99,-99,53.3,-99,41.8,-99
Mar,1970,-99,-99,-99,81.1,-99,-99,-99,298.9,-99,80,-99
Apr,1970,-99,-99,-99,176.3,-99,-99,-99,262.1,-99,180.7,-99
May,1970,-99,-99,-99,149.7,-99,-99,-99,278.1,-99,126.7,-99
Jun,1970,-99,-99,-99,10.8,-99,-99,-99,46.2,-99,2.2,-99
Jul,1970,-99,-99,-99,46.5,-99,-99,-99,75.7,-99,15.3,-99
Aug,1970,-99,-99,-99,29.8,-99,-99,-99,60.7,-99,9.5,-99
Sep,1970,-99,-99,-99,147.6,-99,-99,-99,155.7,-99,59.1,-99
Oct,1970,-99,-99,-99,29.5,-99,-99,-99,104.1,-99,15.7,-99
Nov,1970,-99,-99,-99,28.1,-99,-99,-99,61.0,-99,20.4,-99
Dec,1970,-99,-99,-99,319.0,-99,-99,-99,291.6,-99,209.4,-99
Jan,1971,-99,-99,-99,51.3,-99,-99,-99,93.4,-99,66.4,-99
Feb,1971,-99,-99,-99,22.5,-99,-99,-99,9.6,-99,47.3,-99
Mar,1971,-99,-99,-99,143.2,-99,-99,-99,258.6,-99,128.4,-99
Apr,1971,-99,-99,-99,116.4,-99,-99,-99,411.7,-99,133.7,-99
May,1971,-99,-99,-99,214.8,-99,-99,-99,423.4,-99,185,-99
Jun,1971,-99,-99,-99,75.4,-99,-99,-99,227.3,-99,53,-99
Jul,1971,-99,-99,-99,27.3,-99,-99,-99,74.2,-99,19.9,-99
Aug,1971,-99,-99,-99,30.7,-99,-99,-99,45.5,-99,27.8,-99
Sep,1971,-99,-99,-99,29.8,-99,-99,-99,138.9,-99,3.9,-99
Oct,1971,-99,-99,-99,59.8,-99,-99,-99,114.8,-99,50.2,-99
Nov,1971,-99,-99,-99,49.9,-99,-99,-99,150.9,-99,7.6,-99
Dec,1971,-99,-99,-99,197.7,-99,-99,-99,363.7,-99,93.6,-99
Jan,1972,-99,-99,-99,100.7,-99,-99,-99,112.5,-99,65,-99
Feb,1972,-99,-99,-99,2.5,-99,-99,-99,30.7,-99,74.1,-99
Mar,1972,-99,-99,-99,111.4,-99,-99,-99,267.2,-99,150.1,-99
Apr,1972,-99,-99,-99,255.5,-99,-99,-99,497.3,-99,351.3,-99
May,1972,-99,-99,-99,375.2,-99,-99,-99,767.6,-99,263.4,-99
Jun,1972,-99,-99,-99,0.0,-99,-99,-99,0.0,-99,0.3,-99
Jul,1972,-99,-99,-99,45.9,-99,-99,-99,147.1,-99,37.7,-99
Aug,1972,-99,-99,-99,9.1,-99,-99,-99,49.8,-99,14.9,-99
Sep,1972,-99,-99,-99,54.1,-99,-99,-99,297.9,-99,52.7,-99
Oct,1972,-99,-99,-99,145.1,-99,-99,-99,387.3,-99,131.6,-99
Nov,1972,-99,-99,-99,390.9,-99,-99,-99,335.2,-99,176.4,-99
Dec,1972,-99,-99,-99,225.2,-99,-99,-99,201.1,-99,134.8,-99
Jan,1973,-99,-99,-99,92.6,-99,-99,-99,152.1,-99,42.3,-99
Feb,1973,-99,-99,-99,71.4,-99,-99,-99,149.9,-99,27.3,-99
Mar,1973,-99,-99,-99,88.5,-99,-99,-99,141.0,-99,81.9,-99
Apr,1973,-99,-99,-99,404.7,-99,-99,-99,715.8,-99,359,-99
May,1973,-99,-99,-99,135.3,-99,-99,-99,295.7,-99,59.2,-99
Jun,1973,-99,-99,-99,122.4,-99,-99,-99,207.3,-99,68,-99
Jul,1973,-99,-99,-99,14.2,-99,-99,-99,76.2,-99,15.5,-99
Aug,1973,-99,-99,-99,68.5,-99,-99,-99,108.2,-99,54,-99
Sep,1973,-99,-99,-99,18.1,-99,-99,-99,48.7,-99,7.8,-99
Oct,1973,-99,-99,-99,46.1,-99,-99,-99,8.0,-99,27.1,-99
Nov,1973,-99,-99,-99,164.2,-99,-99,-99,171.9,-99,8.7,-99
Dec,1973,-99,-99,-99,89.9,-99,-99,-99,6.0,-99,33.6,-99
Jan,1974,17.5,-99,-99,188.1,-99,-99,-99,141.6,-99,167.9,-99
Feb,1974,11.2,-99,-99,47.3,-99,-99,-99,24.2,-99,6.3,-99
Mar,1974,51.5,-99,-99,176.6,-99,-99,-99,253.4,-99,76.1,-99
Apr,1974,270.7,-99,-99,392.8,-99,-99,-99,244.8,-99,304,-99
May,1974,111.8,-99,-99,188.5,-99,-99,-99,163.7,-99,86.5,-99
Jun,1974,80.2,-99,-99,34.3,-99,-99,-99,136.6,-99,14.8,-99
Jul,1974,123.2,-99,-99,53.4,-99,-99,-99,101.6,-99,41,-99
Aug,1974,16.1,-99,-99,19.0,-99,-99,-99,9.3,-99,1.7,-99
Sep,1974,12.0,-99,-99,36.5,-99,-99,-99,52.5,-99,24.3,-99
Oct,1974,22.7,-99,-99,18.1,-99,-99,-99,36.1,-99,26.2,-99
Nov,1974,22.1,-99,-99,150.6,-99,-99,-99,151.2,-99,11.9,-99
Dec,1974,60.9,-99,-99,74.9,-99,-99,-99,10.0,-99,2.7,-99
Jan,1975,8.1,-99,-99,17.4,-99,-99,-99,0.0,-99,50.8,-99
Feb,1975,0.0,-99,-99,7.2,-99,-99,-99,69.9,-99,5,-99
Mar,1975,100.5,-99,-99,175.5,-99,-99,-99,146.6,-99,121.8,-99
Apr,1975,864.8,-99,-99,456.3,-99,-99,-99,260.9,-99,245,-99
May,1975,663.0,-99,-99,266.8,-99,-99,-99,59.2,-99,279.8,-99
Jun,1975,361.8,-99,-99,17.5,-99,-99,-99,32.1,-99,16.9,-99
Jul,1975,102.3,-99,-99,48.8,-99,-99,-99,108.2,-99,9.6,-99
Aug,1975,12.3,-99,-99,12.4,-99,-99,-99,3.8,-99,4.2,-99
Sep,1975,43.8,-99,-99,117.0,-99,-99,-99,121.0,-99,89.3,-99
Oct,1975,10.7,-99,-99,21.5,-99,-99,-99,54.7,-99,19.7,-99
Nov,1975,8.1,-99,-99,118.5,-99,-99,-99,170.0,-99,150.6,-99
Dec,1975,27.2,-99,-99,184.8,-99,-99,-99,239.2,-99,101.8,-99
Jan,1976,29.9,-99,-99,16.1,-99,-99,-99,11.4,-99,14.4,-99
Feb,1976,10.9,-99,-99,61.2,-99,-99,-99,47.3,-99,9.1,-99
Mar,1976,101.9,-99,-99,102.1,-99,-99,-99,204.2,-99,243.2,-99
Apr,1976,201.5,-99,-99,406.1,-99,-99,-99,373.2,-99,278.3,-99
May,1976,528.4,-99,-99,200.3,-99,-99,-99,143.1,-99,171.9,-99
Jun,1976,438.5,-99,-99,229.8,-99,-99,-99,273.6,-99,96,-99
Jul,1976,111.7,-99,-99,122.2,-99,-99,-99,152.0,-99,76,-99
Aug,1976,27.2,-99,-99,10.6,-99,-99,-99,0.0,-99,3.3,-99
Sep,1976,37.4,-99,-99,49.6,-99,-99,-99,51.7,-99,12.5,-99
Oct,1976,32.1,-99,-99,143.8,-99,-99,-99,205.5,-99,40.4,-99
Nov,1976,23.7,-99,-99,91.4,-99,-99,-99,103.9,-99,26.7,-99
Dec,1976,23.6,-99,-99,121.0,-99,-99,-99,35.0,-99,37.4,-99
Jan,1977,84.5,-99,-99,108.1,-99,-99,-99,70.0,-99,165,-99
Feb,1977,52.9,-99,-99,1.6,-99,-99,-99,29.4,-99,36.3,-99
Mar,1977,135.3,-99,-99,158.8,-99,-99,-99,139.7,-99,142.9,-99
Apr,1977,502.9,-99,-99,296.4,-99,-99,-99,360.6,-99,278.3,-99
May,1977,415.7,-99,-99,280.3,-99,-99,-99,190.8,-99,134.8,-99
Jun,1977,143.2,-99,-99,14.5,-99,-99,-99,25.6,-99,4.3,-99
Jul,1977,76.7,-99,-99,6.1,-99,-99,-99,131.5,-99,8.4,-99
Aug,1977,98.2,-99,-99,58.0,-99,-99,-99,99.4,-99,34.1,-99
Sep,1977,87.5,-99,-99,118.3,-99,-99,-99,169.8,-99,95.9,-99
Oct,1977,209.9,-99,-99,101.2,-99,-99,-99,237.6,-99,48.5,-99
Nov,1977,164.4,-99,-99,426.8,-99,-99,-99,389.2,-99,199.3,-99
Dec,1977,117.6,-99,-99,294.0,-99,-99,-99,330.3,-99,186.4,-99
Jan,1978,147.2,-99,-99,105.7,-99,-99,-99,139.0,-99,65.8,-99
Feb,1978,106.3,-99,-99,84.5,-99,-99,-99,90.4,-99,14.8,-99
Mar,1978,282.1,-99,-99,229.6,-99,-99,-99,296.3,-99,133.7,-99
Apr,1978,1051.9,-99,-99,686.2,-99,-99,-99,354.7,-99,428.1,-99
May,1978,265.1,-99,-99,137.7,-99,-99,-99,134.6,-99,111.3,-99
Jun,1978,322.8,-99,-99,33.5,-99,-99,-99,46.0,-99,57.5,-99
Jul,1978,38.7,-99,-99,7.8,-99,-99,-99,54.5,-99,24.8,-99
Aug,1978,16.9,-99,-99,43.9,-99,-99,-99,52.4,-99,9.5,-99
Sep,1978,42.3,-99,-99,117.5,-99,-99,-99,78.8,-99,26.2,-99
Oct,1978,9.9,-99,-99,37.6,-99,-99,-99,166.5,-99,35.1,-99
Nov,1978,281.9,-99,-99,456.0,-99,-99,-99,255.4,-99,425.1,-99
Dec,1978,102.6,-99,-99,296.6,-99,-99,-99,181.0,-99,159.4,-99
Jan,1979,226.0,-99,-99,615.8,-99,-99,-99,154.0,-99,201.7,154.5
Feb,1979,29.0,-99,-99,144.5,-99,-99,-99,80.0,-99,142.8,168.4
Mar,1979,145.3,-99,-99,136.5,-99,-99,-99,268.8,-99,84,219.0
Apr,1979,497.3,-99,-99,490.5,-99,-99,-99,453.1,-99,187.7,109.8
May,1979,794.5,-99,-99,750.6,-99,-99,-99,372.5,-99,395.6,356.9
Jun,1979,325.3,-99,-99,131.3,-99,-99,-99,133.1,-99,91.3,80.3
Jul,1979,114.2,-99,-99,37.6,-99,-99,-99,7.2,-99,15.2,52.7
Aug,1979,37.8,-99,-99,104.6,-99,-99,-99,55.3,-99,18.6,20.9
Sep,1979,31.8,-99,-99,19.8,-99,-99,-99,160.3,-99,26.3,49.5
Oct,1979,35.2,-99,-99,98.1,-99,-99,-99,77.4,-99,24.9,13.5
Nov,1979,36.2,-99,-99,203.0,-99,-99,-99,125.2,-99,41.8,53.2
Dec,1979,124.0,-99,-99,69.2,-99,-99,-99,172.0,-99,85.4,142.2
Jan,1980,54.3,-99,-99,123.4,-99,-99,-99,110.3,-99,58.8,-99
Feb,1980,7.3,-99,-99,91.6,-99,-99,-99,136.5,-99,61.6,-99
Mar,1980,27.0,-99,-99,116.4,-99,-99,-99,99.3,-99,102.1,-99
Apr,1980,283.8,-99,-99,325.1,-99,-99,-99,218.3,-99,143.5,-99
May,1980,307.5,-99,-99,101.2,-99,-99,-99,116.9,-99,88.4,-99
Jun,1980,52.7,-99,-99,8.3,-99,-99,-99,12.6,-99,0,-99
Jul,1980,35.6,-99,-99,4.4,-99,-99,-99,30.7,-99,19.2,-99
Aug,1980,188.0,-99,-99,104.3,-99,-99,-99,127.4,-99,34.1,-99
Sep,1980,9.1,-99,-99,19.3,-99,-99,-99,35.9,-99,2.4,-99
Oct,1980,62.6,-99,-99,161.8,-99,-99,-99,87.4,-99,128.7,-99
Nov,1980,73.2,-99,-99,392.4,-99,-99,-99,317.4,-99,238.1,-99
Dec,1980,37.8,-99,-99,81.8,-99,-99,-99,156.3,-99,98.5,-99
Jan,1981,37.8,-99,-99,173.9,-99,-99,-99,114.7,-99,40.5,112.6
Feb,1981,0.0,-99,-99,3.8,-99,-99,-99,0.5,-99,8.3,56.3
Mar,1981,228.4,-99,-99,294.7,-99,-99,-99,195.6,-99,188.2,75.9
Apr,1981,142.3,-99,-99,619.0,-99,-99,-99,238.8,-99,171.3,135.5
May,1981,390.3,-99,-99,157.5,-99,-99,-99,155.6,-99,191,124.4
Jun,1981,133.9,-99,-99,5.4,-99,-99,-99,21.2,-99,18.7,0.0
Jul,1981,36.7,-99,-99,14.3,-99,-99,-99,15.5,-99,2.8,12.5
Aug,1981,63.3,-99,-99,45.3,-99,-99,-99,80.1,-99,56.1,20.8
Sep,1981,11.0,-99,-99,26.6,-99,-99,-99,69.6,-99,23,5.3
Oct,1981,184.4,-99,-99,83.0,-99,-99,-99,174.9,-99,75.1,78.0
Nov,1981,52.8,-99,-99,80.8,-99,-99,-99,117.7,-99,54.4,291.4
Dec,1981,157.3,-99,-99,330.5,-99,-99,-99,571.4,-99,219.2,175.6
Jan,1982,8.5,-99,-99,61.9,-99,-99,-99,18.7,-99,13.8,9.8
Feb,1982,0.5,-99,-99,0.0,-99,-99,-99,0.0,-99,1.7,6.1
Mar,1982,174.3,-99,-99,132.0,-99,-99,-99,99.6,-99,58.9,51.6
Apr,1982,517.9,-99,-99,329.1,-99,-99,-99,381.5,-99,198.9,269.2
May,1982,776.2,-99,-99,370.5,-99,-99,-99,437.3,-99,237.4,177.9
Jun,1982,253.2,-99,-99,208.9,-99,-99,-99,165.9,-99,138.9,78.2
Jul,1982,109.2,-99,-99,120.8,-99,-99,-99,165.1,-99,50.3,49.0
Aug,1982,28.6,-99,-99,58.5,-99,-99,-99,55.4,-99,20,31.2
Sep,1982,41.3,-99,-99,25.4,-99,-99,-99,44.7,-99,18.5,25.9
Oct,1982,115.1,-99,-99,308.0,-99,-99,-99,288.0,-99,181.2,294.2
Nov,1982,196.9,-99,-99,235.0,-99,-99,-99,325.1,-99,264.1,158.3
Dec,1982,116.2,-99,-99,112.4,-99,-99,-99,114.7,-99,238.3,181.1
Jan,1983,24.1,-99,-99,29.6,-99,-99,-99,26.0,-99,37.2,33.0
Feb,1983,21.3,-99,-99,51.1,-99,-99,-99,44.1,-99,61.9,43.8
Mar,1983,118.6,-99,-99,89.1,-99,-99,-99,142.5,-99,78,195.0
Apr,1983,351.9,-99,-99,394.5,-99,-99,-99,237.1,-99,224,216.1
May,1983,359.2,-99,-99,569.0,-99,-99,-99,457.8,-99,405.6,362.4
Jun,1983,111.7,-99,-99,33.3,-99,-99,-99,69.8,-99,39.4,24.5
Jul,1983,42.6,-99,-99,65.7,-99,-99,-99,71.2,-99,45.9,26.3
Aug,1983,14.4,-99,-99,6.8,-99,-99,-99,13.9,-99,13.9,1.2
Sep,1983,12.8,-99,-99,29.4,-99,-99,-99,43.5,-99,6.8,9.7
Oct,1983,13.4,-99,-99,76.8,-99,-99,-99,76.6,-99,70,90.9
Nov,1983,34.9,-99,-99,37.8,-99,-99,-99,73.2,-99,15.8,29.8
Dec,1983,143.9,-99,-99,208.1,-99,-99,-99,122.2,-99,67.2,78.4
Jan,1984,0.6,-99,-99,31.4,-99,-99,-99,60.9,-99,116.4,82.0
Feb,1984,0.0,-99,-99,0.0,-99,-99,-99,0.5,-99,0,0.0
Mar,1984,34.5,-99,-99,136.5,-99,-99,-99,171.6,-99,128.4,245.4
Apr,1984,517.5,-99,-99,628.9,-99,-99,-99,749.3,-99,441.2,528.9
May,1984,141.0,-99,-99,213.2,-99,-99,-99,238.6,-99,174.2,138.3
Jun,1984,188.1,-99,-99,156.4,-99,-99,-99,128.4,-99,60.1,78.4
Jul,1984,146.9,-99,-99,98.8,-99,-99,-99,80.0,-99,28.4,44.1
Aug,1984,6.2,-99,-99,18.2,-99,-99,-99,23.9,-99,5.1,8.3
Sep,1984,43.6,-99,-99,57.8,-99,-99,-99,63.6,-99,6.5,11.4
Oct,1984,108.1,-99,-99,119.5,-99,-99,-99,250.0,-99,104.4,105.6
Nov,1984,287.8,-99,-99,351.0,-99,-99,-99,448.5,-99,121.1,300.3
Dec,1984,57.5,-99,-99,88.9,-99,-99,-99,116.9,-99,182.3,189.9
Jan,1985,79.2,-99,-99,102.1,-99,-99,-99,68.8,-99,93.8,111.7
Feb,1985,109.0,-99,-99,117.5,-99,-99,-99,135.1,-99,124.1,123.1
Mar,1985,201.8,-99,-99,228.2,-99,-99,-99,337.1,-99,114.8,117.2
Apr,1985,356.3,-99,-99,405.6,-99,-99,-99,289.7,-99,135,214.0
May,1985,575.7,-99,-99,222.9,-99,-99,-99,403.8,-99,184,232.3
Jun,1985,47.9,-99,-99,9.3,-99,-99,-99,4.4,-99,2.4,3.0
Jul,1985,96.7,-99,-99,66.7,-99,-99,-99,99.7,-99,62.1,126.8
Aug,1985,12.4,-99,-99,27.4,-99,-99,-99,22.6,-99,1.4,0.0
Sep,1985,23.2,-99,-99,6.0,-99,-99,-99,88.6,-99,12.8,11.4
Oct,1985,22.1,-99,-99,59.6,-99,-99,-99,117.4,-99,33.8,40.2
Nov,1985,21.7,-99,-99,306.1,-99,-99,-99,238.8,-99,61.7,135.9
Dec,1985,83.7,-99,-99,316.2,-99,-99,-99,170.3,-99,122.9,68.8
Jan,1986,42.4,-99,-99,31.4,-99,-99,-99,20.7,-99,35.8,26.9
Feb,1986,0.0,-99,-99,1.4,-99,-99,-99,0.0,-99,0.4,0.0
Mar,1986,401.8,-99,-99,317.2,-99,-99,-99,255.4,-99,210.8,296.8
Apr,1986,613.1,-99,-99,712.9,-99,-99,-99,541.3,-99,398.4,353.6
May,1986,826.9,-99,-99,345.5,-99,-99,-99,386.2,-99,293.5,271.6
Jun,1986,90.7,-99,-99,30.3,-99,-99,-99,36.9,-99,13.3,15.0
Jul,1986,22.0,-99,-99,0.0,-99,-99,-99,17.5,-99,1.7,8.0
Aug,1986,28.2,-99,-99,18.9,-99,-99,-99,64.9,-99,32.6,34.9
Sep,1986,6.5,-99,-99,44.1,-99,-99,-99,81.9,-99,46,9.1
Oct,1986,17.2,-99,-99,157.9,-99,-99,-99,87.7,-99,109,140.4
Nov,1986,150.8,-99,-99,369.7,-99,-99,-99,323.5,-99,242.7,317.7
Dec,1986,155.3,-99,-99,341.5,-99,-99,-99,240.2,-99,46.7,99.2
Jan,1987,19.7,-99,-99,54.7,-99,-99,-99,24.8,-99,21.1,23.3
Feb,1987,5.1,-99,-99,3.4,-99,-99,-99,10.6,-99,13.9,23.0
Mar,1987,56.0,-99,-99,85.3,-99,-99,-99,114.6,-99,77.9,112.4
Apr,1987,210.6,-99,-99,201.7,-99,-99,-99,204.2,-99,160.9,225.8
May,1987,545.6,-99,-99,524.2,-99,-99,-99,393.1,-99,246.5,170.7
Jun,1987,48.4,-99,-99,0.4,-99,-99,-99,0.9,-99,0.8,2.1
Jul,1987,53.2,-99,-99,36.5,-99,-99,-99,45.0,-99,16.4,27.6
Aug,1987,240.9,-99,-99,70.6,-99,-99,-99,112.8,-99,73.6,107.7
Sep,1987,3.1,-99,-99,14.0,-99,-99,-99,23.3,-99,2.8,1.5
Oct,1987,23.4,-99,-99,47.4,-99,-99,-99,120.7,-99,40.7,27.0
Nov,1987,23.9,-99,-99,66.1,-99,-99,-99,171.7,-99,48.1,11.0
Dec,1987,26.3,-99,-99,184.8,-99,-99,-99,49.5,-99,22.2,47.0
Jan,1988,107.9,-99,-99,98.5,-99,-99,-99,153.9,-99,183.3,181.6
Feb,1988,0.8,-99,-99,37.8,-99,-99,-99,45.9,-99,13.2,31.6
Mar,1988,68.8,-99,-99,199.1,-99,-99,-99,90.0,-99,105.2,101.1
Apr,1988,618.5,-99,-99,265.4,-99,-99,-99,340.0,-99,245.7,350.6
May,1988,122.6,-99,-99,99.2,-99,-99,-99,104.3,-99,15.3,38.0
Jun,1988,136.4,-99,-99,182.0,-99,-99,-99,224.9,-99,78.5,103.4
Jul,1988,31.5,-99,-99,14.8,-99,-99,-99,44.8,-99,9.3,11.2
Aug,1988,26.2,-99,-99,116.3,-99,-99,-99,78.7,-99,48.2,41.5
Sep,1988,29.4,-99,-99,43.2,-99,-99,-99,68.2,-99,32.7,31.1
Oct,1988,50.6,-99,-99,46.3,-99,-99,-99,77.2,-99,8.8,24.4
Nov,1988,50.7,-99,-99,132.7,-99,-99,-99,253.4,-99,62.4,181.0
Dec,1988,143.6,-99,-99,299.2,-99,-99,-99,274.9,-99,152.7,186.2
Jan,1989,53.5,-99,-99,71.3,-99,-99,-99,285.2,-99,268.2,358.9
Feb,1989,1.6,-99,-99,0.0,-99,-99,-99,1.1,-99,0,0.0
Mar,1989,192.1,-99,-99,112.2,-99,-99,-99,152.1,-99,105.3,203.6
Apr,1989,256.5,-99,-99,336.5,-99,-99,-99,338.3,-99,259.3,202.5
May,1989,716.5,-99,-99,262.9,-99,-99,-99,291.8,-99,196.5,330.2
Jun,1989,157.0,-99,-99,36.1,-99,-99,-99,74.2,-99,34.6,62.1
Jul,1989,47.6,-99,-99,26.5,-99,-99,-99,51.8,-99,5.7,8.1
Aug,1989,18.5,-99,-99,82.3,-99,-99,-99,98.9,-99,33.7,73.1
Sep,1989,23.0,-99,-99,19.9,-99,-99,-99,58.3,-99,22.8,25.0
Oct,1989,50.6,-99,-99,48.4,-99,-99,-99,213.8,-99,72.3,167.3
Nov,1989,269.0,-99,-99,299.8,-99,-99,-99,97.9,-99,28,62.2
Dec,1989,173.9,-99,-99,95.7,-99,-99,-99,155.3,-99,175.6,188.0
Jan,1990,40.9,-99,-99,71.9,-99,-99,-99,133.8,-99,110.2,180.2
Feb,1990,36.9,-99,-99,160.2,-99,-99,-99,206.8,-99,160.9,201.7
Mar,1990,342.8,-99,-99,169.8,-99,-99,-99,272.4,-99,93.5,391.6
Apr,1990,100.4,-99,-99,253.7,-99,-99,-99,269.2,-99,271.5,216.8
May,1990,274.7,-99,-99,178.9,-99,-99,-99,194.0,-99,100.3,168.9
Jun,1990,30.6,-99,-99,69.3,-99,-99,-99,86.6,-99,29.2,11.0
Jul,1990,13.2,-99,-99,10.3,-99,-99,-99,37.1,-99,29.9,33.0
Aug,1990,30.7,-99,-99,21.4,-99,-99,-99,18.9,-99,7.3,1.5
Sep,1990,10.3,-99,-99,37.5,-99,-99,-99,69.4,-99,23.6,34.2
Oct,1990,27.0,-99,-99,28.7,-99,-99,-99,139.8,-99,29.6,37.8
Nov,1990,162.6,-99,-99,240.1,-99,-99,-99,188.7,-99,230.2,283.0
Dec,1990,38.5,-99,-99,293.1,-99,-99,-99,103.9,-99,55.6,127.0
Jan,1991,159.4,-99,-99,136.1,-99,-99,-99,174.6,-99,92.9,388.5
Feb,1991,0.1,-99,-99,0.1,-99,-99,-99,-99.0,-99,17.3,2.3
Mar,1991,70.5,-99,-99,225.8,-99,-99,-99,182.7,-99,75.2,213.3
Apr,1991,62.9,-99,-99,132.9,-99,-99,-99,81.2,-99,17.4,124.0
May,1991,583.6,-99,-99,422.8,-99,-99,-99,417.6,-99,353,414.0
Jun,1991,89.8,-99,-99,16.3,-99,-99,-99,46.6,-99,4.6,13.2
Jul,1991,100.1,-99,-99,45.2,-99,-99,-99,105.9,-99,28.9,22.7
Aug,1991,103.9,-99,-99,26.8,-99,-99,-99,39.8,-99,21.7,34.0
Sep,1991,4.5,-99,-99,23.7,-99,-99,-99,59.5,-99,13,0.0
Oct,1991,21.6,-99,-99,14.5,-99,-99,-99,62.7,-99,25.7,60.0
Nov,1991,258.8,-99,-99,283.8,-99,-99,-99,162.0,-99,218.6,178.5
Dec,1991,73.8,-99,-99,125.0,-99,-99,-99,110.6,-99,187.4,184.7
Jan,1992,13.8,-99,-99,43.1,-99,37.7,-99,31.6,-99,9.2,6.0
Feb,1992,0.0,-99,-99,1.0,-99,0.0,32.5,3.2,-99,114.6,67.0
Mar,1992,16.4,-99,-99,29.9,-99,76.5,52.5,100.1,-99,51.3,221.7
Apr,1992,803.5,-99,-99,644.2,-99,1060.5,808.7,621.7,-99,325.4,584.0
May,1992,435.4,-99,-99,516.3,-99,443.3,358.1,492.9,-99,288.1,276.5
Jun,1992,160.8,-99,-99,61.6,-99,86.4,65.5,74.6,-99,37.2,64.0
Jul,1992,135.6,-99,-99,41.4,-99,236.0,238.1,126.0,-99,34.8,37.2
Aug,1992,19.1,-99,-99,40.9,-99,16.7,18.9,25.8,-99,3.1,1.0
Sep,1992,35.0,-99,-99,53.3,-99,11.5,23.0,105.6,-99,20.9,53.0
Oct,1992,0.0,-99,-99,14.4,-99,1.8,12.2,31.1,-99,2.6,4.5
Nov,1992,54.1,-99,-99,198.5,-99,56.6,87.1,115.7,-99,138.3,228.0
Dec,1992,175.0,-99,-99,280.2,-99,76.7,181.3,284.4,-99,120,221.5
Jan,1993,64.4,-99,-99,101.5,-99,41.0,85.3,167.3,-99,71.3,92.0
Feb,1993,4.2,-99,-99,3.4,-99,2.4,3.6,1.9,-99,34.8,78.0
Mar,1993,48.7,-99,-99,88.2,-99,25.7,89.7,114.0,-99,118.2,171.0
Apr,1993,408.6,-99,-99,479.1,-99,320.0,427.6,333.3,-99,322.6,647.0
May,1993,497.4,-99,-99,317.6,-99,501.0,469.7,295.6,-99,199.4,333.0
Jun,1993,162.4,-99,-99,51.7,-99,99.0,66.3,49.0,-99,17.4,24.5
Jul,1993,39.0,-99,-99,25.2,-99,35.5,33.1,40.8,-99,14.1,40.5
Aug,1993,31.6,-99,-99,34.6,-99,55.0,25.9,51.0,-99,10.1,26.6
Sep,1993,12.1,-99,-99,16.1,-99,1.0,24.5,54.7,-99,9.1,7.5
Oct,1993,67.0,-99,-99,53.7,-99,54.5,74.1,164.5,-99,109.9,99.0
Nov,1993,18.1,-99,-99,141.6,-99,15.0,-99,155.0,-99,161.5,147.0
Dec,1993,54.6,-99,-99,266.4,-99,14.0,29.3,352.5,-99,86.9,65.0
Jan,1994,8.5,-99,-99,1.7,-99,-99.0,-99.0,0.0,-99,54.6,4.0
Feb,1994,122.0,-99,-99,83.0,-99,42.5,42.5,66.5,-99,100.1,172.5
Mar,1994,57.7,-99,-99,104.9,-99,55.1,55.1,233.3,-99,99.7,234.0
Apr,1994,587.6,-99,-99,509.5,-99,476.3,476.3,719.6,-99,289.2,497.0
May,1994,435.1,-99,-99,283.8,-99,387.0,387.0,367.3,-99,171.1,246.0
Jun,1994,44.0,-99,-99,25.5,-99,17.7,17.7,28.6,-99,4.4,38.0
Jul,1994,70.4,-99,-99,67.0,-99,59.4,59.4,104.1,-99,50.1,65.0
Aug,1994,17.6,-99,-99,64.0,-99,9.3,9.3,42.1,-99,10,21.5
Sep,1994,16.2,-99,-99,9.3,-99,10.5,10.5,52.0,-99,9.3,15.5
Oct,1994,54.0,-99,-99,138.7,-99,32.0,32.0,119.6,-99,69,109.0
Nov,1994,194.2,-99,-99,135.6,-99,145.4,145.4,310.0,-99,197.7,335.0
Dec,1994,143.0,-99,-99,278.9,-99,77.8,77.8,226.0,-99,228.7,250.0
Jan,1995,32.5,-99,-99,52.9,-99,68.2,19.7,30.9,-99,12.5,38.0
Feb,1995,0.7,-99,-99,136.7,-99,61.9,23.7,31.0,-99,110.1,233.5
Mar,1995,147.6,-99,-99,232.0,-99,208.3,135.7,288.4,-99,310.6,270.5
Apr,1995,564.5,-99,-99,372.5,-99,285.1,183.6,304.4,-99,264.9,522.5
May,1995,587.1,-99,-99,386.5,-99,430.2,329.7,398.9,-99,374.2,466.0
Jun,1995,2.1,-99,-99,2.1,-99,19.7,5.5,4.6,-99,2.1,0.0
Jul,1995,29.5,-99,-99,30.7,-99,30.5,31.7,30.4,-99,7.6,19.0
Aug,1995,61.7,-99,-99,84.4,-99,42.7,55.5,121.1,-99,106.5,162.5
Sep,1995,8.6,-99,-99,44.6,-99,22.3,8.1,69.5,-99,4.6,22.0
Oct,1995,31.6,-99,-99,54.8,-99,39.3,165.3,78.6,-99,163.8,132.0
Nov,1995,15.5,-99,-99,95.2,-99,0.5,-99.0,93.4,-99,117.1,46.0
Dec,1995,4.7,-99,-99,117.1,-99,14.3,-99.0,76.6,-99,62.2,61.0
Jan,1996,17.2,-99,-99,61.4,-99,68.3,23.5,47.0,-99,90,49.0
Feb,1996,11.1,-99,-99,62.7,-99,33.4,24.8,90.7,-99,225.8,113.0
Mar,1996,55.7,-99,-99,207.6,-99,131.0,37.8,166.8,-99,233.1,317.0
Apr,1996,534.8,-99,-99,311.1,-99,386.6,85.5,429.9,-99,223.2,290.5
May,1996,475.2,-99,-99,544.8,-99,314.8,79.9,422.1,-99,254.2,386.0
Jun,1996,16.6,-99,-99,14.3,-99,77.4,26.1,3.9,-99,11.6,5.0
Jul,1996,28.6,-99,-99,10.4,-99,42.3,24.1,42.7,-99,14.9,11.0
Aug,1996,1.5,-99,-99,11.9,-99,23.3,14.5,22.7,-99,13.5,30.0
Sep,1996,1.0,-99,-99,5.4,-99,9.7,9.3,17.7,-99,1.8,0.0
Oct,1996,24.0,-99,-99,34.5,-99,65.0,20.7,153.9,-99,108.1,158.0
Nov,1996,-99.0,-99,-99,76.1,-99,75.1,32.4,141.6,-99,78.5,55.0
Dec,1996,40.0,-99,-99,29.9,-99,126.7,25.8,0.3,-99,12.2,127.0
Jan,1997,0.4,-99,7.5,0.0,-99,4.0,-99.0,0.6,-99,1.7,5.5
Feb,1997,0.0,-99,0.0,5.9,-99,0.0,-99.0,4.9,-99,0.3,8.0
Mar,1997,306.7,-99,196.4,425.0,-99,488.7,387.0,344.7,-99,282.8,477.0
Apr,1997,445.5,-99,564.5,311.8,-99,252.1,370.8,391.3,-99,167.7,330.0
May,1997,199.3,-99,331.7,245.7,-99,188.3,168.7,155.5,-99,117.4,251.0
Jun,1997,164.8,-99,116.4,196.3,-99,195.4,118.0,137.6,-99,154.2,173.0
Jul,1997,149.5,-99,131.5,18.9,-99,20.9,36.9,22.9,-99,5.6,7.0
Aug,1997,10.9,-99,5.0,7.4,-99,3.1,3.1,14.4,-99,6.1,0.0
Sep,1997,0.7,-99,7.0,0.7,-99,4.0,-99.0,36.7,-99,2.6,5.5
Oct,1997,547.0,-99,674.5,489.8,-99,416.2,287.5,578.0,-99,250.8,529.0
Nov,1997,132.2,-99,-99,345.8,-99,308.7,275.0,260.8,-99,152,299.0
Dec,1997,237.2,-99,285.0,412.4,-99,557.4,393.3,215.8,-99,231,324.5
Jan,1998,276.8,-99,507.0,276.5,-99,264.8,26.7,367.3,-99,107.3,163.5
Feb,1998,232.5,-99,364.0,177.4,-99,64.2,102.7,96.3,-99,123.7,182.0
Mar,1998,106.2,-99,257.0,81.4,-99,183.2,105.9,144.4,-99,155.2,258.0
Apr,1998,777.0,-99,886.0,595.7,-99,541.3,107.1,529.1,-99,319.9,603.0
May,1998,273.8,-99,830.0,208.4,-99,275.0,154.0,148.7,-99,165,306.0
Jun,1998,231.6,-99,318.0,44.4,-99,88.0,149.5,172.2,-99,29.9,32.0
Jul,1998,69.9,-99,90.5,25.9,-99,25.6,98.5,65.7,-99,2.4,1.0
Aug,1998,14.0,-99,23.0,3.8,-99,25.6,5.7,22.7,-99,5,10.0
Sep,1998,11.7,-99,-99.0,95.5,-99,18.6,23.7,74.6,-99,68,76.0
Oct,1998,20.7,-99,-99.0,318.4,-99,30.0,57.5,136.9,-99,58.5,63.0
Nov,1998,67.5,-99,409.0,354.7,-99,74.0,18.4,208.0,-99,105.7,232.0
Dec,1998,0.7,-99,52.0,44.2,-99,136.7,5.9,56.3,-99,0,127.0
Jan,1999,59.6,71.0,100.0,69.1,-99,83.4,150.0,140.5,-99,30.1,100.0
Feb,1999,1.0,81.9,26.0,51.1,-99,13.6,13.6,793.0,-99,108.9,64.0
Mar,1999,205.1,246.4,367.0,204.3,-99,26.6,244.9,247.9,-99,222.1,402.0
Apr,1999,504.6,530.4,882.0,316.0,-99,29.6,600.5,415.5,-99,258.9,389.0
May,1999,507.0,713.4,606.0,186.2,-99,556.5,262.3,288.2,-99,143.4,280.0
Jun,1999,214.1,154.0,313.0,161.9,-99,138.9,316.6,192.4,-99,81.8,118.0
Jul,1999,80.9,200.4,210.0,55.5,-99,73.1,92.0,89.8,-99,60.1,51.0
Aug,1999,31.4,56.0,-99.0,80.9,-99,23.7,31.4,118.0,-99,20.4,50.0
Sep,1999,19.4,6.0,40.0,25.2,-99,21.1,4.2,67.0,-99,13.5,33.0
Oct,1999,36.4,0.0,250.0,17.9,-99,-99.0,-99.0,29.0,-99,27.2,56.0
Nov,1999,67.4,321.0,247.0,242.2,-99,2.6,8.5,231.6,-99,115,124.0
Dec,1999,54.7,107.6,-99.0,178.5,-99,45.7,124.9,296.3,-99,173.8,293.0
Jan,2000,7.4,0.0,5.0,1.4,-99,4.1,7.0,1.0,-99,1.8,0.0
Feb,2000,0.0,0.0,0.0,0.0,-99,11.9,5.8,0.7,7.0,3.5,7.0
Mar,2000,156.6,147.5,357.0,269.0,1.5,177.3,136.0,167.8,114.6,169.9,243.0
Apr,2000,380.7,352.9,534.0,352.3,24.1,289.8,277.9,342.9,303.7,222.1,342.5
May,2000,127.9,312.9,671.0,86.9,16.2,47.3,203.7,95.7,85.9,47.6,69.0
Jun,2000,215.9,621.4,132.8,166.9,55.9,103.8,142.0,301.1,311.0,126.9,147.0
Jul,2000,47.6,55.3,314.0,40.3,5.4,14.3,32.3,128.8,97.0,29.6,29.0
Aug,2000,21.9,3.0,112.0,47.3,3.3,21.6,18.0,85.4,48.6,31.1,52.0
Sep,2000,5.3,-99.0,-99.0,7.3,0.0,4.0,7.6,19.1,49.9,3.2,5.0
Oct,2000,11.6,-99.0,62.0,6.2,2.5,7.3,7.3,7.3,59.4,6.2,0.0
Nov,2000,77.7,11.0,681.0,193.3,10.6,63.5,85.8,127.7,129.1,79.2,229.5
Dec,2000,104.3,83.6,-99.0,217.4,-99.0,155.0,189.7,446.7,201.3,214.2,271.0
Jan,2001,44.9,58.3,26.5,88.2,4.5,65.0,63.2,118.6,121.5,64.5,62.0
Feb,2001,44.2,8.5,55.3,47.0,19.8,22.8,29.6,92.1,88.5,71.3,201.0
Mar,2001,27.2,128.2,119.6,63.5,-99.0,34.1,73.6,132.4,112.7,139,116.0
Apr,2001,261.8,528.4,296.6,642.8,-99.0,213.7,425.9,233.5,414.6,296.7,460.0
May,2001,226.1,491.7,279.5,290.3,-99.0,207.2,415.9,308.6,250.8,162.5,255.0
Jun,2001,86.4,128.3,123.0,34.6,-99.0,72.1,105.9,77.0,-99,14,35.0
Jul,2001,35.1,38.0,16.3,26.8,-99.0,0.1,28.1,19.2,-99,19.6,17.0
Aug,2001,20.5,53.6,18.5,16.2,-99.0,0.1,9.5,20.7,-99,3.9,14.0
Sep,2001,0.5,16.6,3.3,17.3,7.7,2.1,-99.0,19.5,-99,5,1.0
Oct,2001,3.5,6.8,2.7,9.3,11.5,0.2,0.2,44.8,-99,6.7,0.0
Nov,2001,19.2,42.9,80.4,31.4,91.2,18.2,18.2,102.5,132.8,15.5,5.0
Dec,2001,100.2,119.3,59.2,64.2,124.5,56.8,56.8,67.6,64.1,82.2,63.5
Jan,2002,49.7,32.6,119.3,123.1,131.9,69.1,133.3,161.4,103.5,81.9,86.6
Feb,2002,7.6,51.7,63.2,144.6,107.7,37.0,127.8,77.9,51.8,83.5,103.2
Mar,2002,68.4,109.2,198.0,109.6,91.4,136.1,103.7,272.5,366.9,197.2,302.5
Apr,2002,472.7,836.7,409.8,705.4,775.9,387.1,816.1,572.9,649.5,569.4,454.9
May,2002,108.2,230.6,175.2,78.3,84.7,92.5,154.3,165.9,135.5,30.1,44.4
Jun,2002,53.9,53.9,72.9,19.4,16.2,20.0,11.8,44.0,10.3,7,8.5
Jul,2002,67.8,31.6,35.0,87.6,70.6,39.6,9.2,73.6,-99,32.1,37.0
Aug,2002,55.7,85.6,32.5,104.6,156.5,33.5,106.9,171.9,-99,95.4,77.3
Sep,2002,121.6,88.1,-99.0,77.7,103.4,19.9,64.9,149.7,161.5,30.2,33.7
Oct,2002,68.5,128.1,-99.0,133.8,126.4,150.0,63.1,166.9,190.2,51.8,52.0
Nov,2002,79.9,139.1,383.0,204.9,164.5,30.9,53.1,251.7,245.1,98.9,89.2
Dec,2002,160.4,133.7,128.6,176.4,162.4,233.5,109.1,283.2,146.5,112.5,127.7
Jan,2003,17.6,0.0,0.0,4.1,0.1,2.5,31.0,2.1,0.8,20.1,28.7
Feb,2003,1.5,0.0,5.1,3.0,4.6,9.2,43.4,24.7,15.3,22.2,21.5
Mar,2003,45.2,158.3,-99.0,44.7,44.7,60.9,112.5,71.1,110.0,122.4,127.8
Apr,2003,130.6,81.1,140.4,32.4,17.7,211.6,146.9,58.8,54.8,13.7,40.6
May,2003,472.3,387.9,397.6,209.7,198.5,335.8,272.0,240.7,198.4,130.8,101.8
Jun,2003,48.2,82.5,60.5,38.4,26.8,74.2,78.6,69.2,48.5,109.5,24.8
Jul,2003,71.3,76.1,55.5,42.3,57.4,23.1,82.6,148.7,63.6,26.1,6.3
Aug,2003,28.9,-99.0,38.0,15.3,15.8,6.0,2.9,57.2,23.7,0.9,0.0
Sep,2003,23.8,8.1,12.6,23.7,49.4,5.4,0.8,95.1,-99,3.5,13.5
Oct,2003,88.2,162.8,132.9,108.7,115.6,58.6,5.6,159.4,145.6,22.4,24.6
Nov,2003,22.8,27.4,87.2,98.2,46.0,1.1,0.0,149.9,0.3,89.2,33.0
Dec,2003,27.5,96.0,67.8,83.5,45.6,4.3,12.9,75.5,46.5,24.6,7.8
Jan,2004,56.3,39.4,37.5,165.0,101.1,131.0,84.6,104.6,85.3,77.7,25.3
Feb,2004,90.1,130.8,61.6,257.6,171.7,181.5,181.5,279.6,271.0,149.8,212.5
Mar,2004,10.7,92.5,160.1,204.9,181.6,69.8,31.4,245.4,183.1,134.5,127.1
Apr,2004,378.2,459.8,387.1,549.2,427.3,425.4,460.6,411.2,296.9,297.6,245.3
May,2004,37.8,70.0,42.0,31.6,29.7,79.9,29.9,49.0,19.8,19.3,17.4
Jun,2004,109.0,59.7,68.5,53.0,37.6,95.9,74.6,89.5,50.4,42.7,51.0
Jul,2004,30.8,57.3,-99.0,22.8,18.0,29.1,42.7,45.2,52.9,0.9,1.0
Aug,2004,16.2,4.7,10.0,22.3,18.1,9.9,18.4,35.7,13.7,0.6,0.6
Sep,2004,8.2,10.6,19.8,20.8,20.7,1.9,8.7,38.1,132.6,31.1,4.0
Oct,2004,35.0,45.4,126.0,177.3,252.1,86.0,42.2,156.1,113.2,93.5,199.9
Nov,2004,116.2,175.5,252.5,238.6,276.0,56.5,39.5,235.9,221.7,65.5,81.0
Dec,2004,79.3,237.9,249.5,190.7,172.2,230.8,232.6,192.9,214.0,181.6,115.1
Jan,2005,61.2,0.0,36.0,63.6,28.9,40.8,59.4,77.6,70.3,154.8,25.3
Feb,2005,1.8,0.0,0.0,5.4,0.9,10.0,3.9,1.3,17.8,38.9,3.0
Mar,2005,53.6,206.7,92.5,216.6,150.6,208.0,145.2,181.9,189.3,80.2,164.2
Apr,2005,246.3,523.4,243.9,633.1,790.2,305.0,290.1,578.4,255.2,119.4,231.6
May,2005,611.5,398.1,440.6,339.1,309.6,494.7,532.3,378.2,101.6,302.6,264.9
Jun,2005,47.7,52.1,77.2,33.2,36.0,25.1,10.4,36.9,74.3,2.8,8.0
Jul,2005,119.6,100.3,132.2,37.0,23.1,5.8,3.1,17.7,28.8,14.9,11.5
Aug,2005,25.7,25.6,32.4,48.5,28.3,0.7,32.8,61.5,113.4,13.8,16.3
Sep,2005,61.9,19.8,27.5,8.0,20.3,0.0,8.0,43.9,55.8,10.5,6.0
Oct,2005,32.1,22.7,29.2,4.1,62.9,3.0,1.5,72.2,58.7,124.9,40.6
Nov,2005,40.6,108.9,170.6,133.1,164.4,88.9,74.1,186.3,206.8,24.5,59.8
Dec,2005,8.8,89.3,34.5,92.4,24.5,9.4,38.8,19.6,360.8,13.4,11.0
Jan,2006,30.1,59.2,43.5,184.6,49.1,10.8,10.9,65.7,22.5,6.4,41.0
Feb,2006,16.9,34.2,19.0,28.1,4.3,24.0,48.3,12.1,13.6,44,9.8
Mar,2006,172.0,248.3,322.4,243.3,174.5,121.2,135.7,135.1,298.9,243.5,163.9
Apr,2006,563.1,544.6,556.5,343.2,409.8,542.4,558.4,486.2,251.8,226.7,301.0
May,2006,377.3,356.5,375.9,185.0,212.7,221.8,296.6,162.8,198.0,166.4,121.0
Jun,2006,191.4,431.2,222.7,195.5,161.2,90.2,280.4,169.5,165.4,142.9,161.0
Jul,2006,31.0,51.5,61.9,32.5,24.3,9.3,9.3,38.6,39.0,15,14.9
Aug,2006,42.1,100.2,115.9,29.8,83.2,7.2,29.7,30.7,36.0,6.5,9.7
Sep,2006,50.6,48.5,48.7,60.4,88.6,14.4,6.0,33.3,39.0,23.8,29.3
Oct,2006,218.8,200.8,181.9,96.2,99.7,30.3,17.8,112.4,74.9,78.1,122.6
Nov,2006,94.3,148.8,222.2,259.1,288.0,108.0,46.2,246.0,113.2,240.9,295.7
Dec,2006,165.5,162.9,138.6,362.6,259.6,260.9,204.7,226.2,262.5,230.4,196.2
Jan,2007,3.2,0.0,0.9,41.0,65.4,50.8,7.3,32.4,16.8,8.5,41.0
Feb,2007,33.2,40.5,5.5,25.2,21.2,4.0,9.5,9.2,22.0,39.4,30.7
Mar,2007,252.9,363.5,200.9,387.6,362.7,202.0,198.1,229.4,152.8,201.4,135.0
Apr,2007,310.1,268.3,525.8,271.5,245.5,207.1,398.8,313.7,318.7,181.7,180.4
May,2007,500.3,779.4,668.4,527.4,539.2,424.0,429.3,402.3,396.6,124.2,128.2
Jun,2007,82.2,44.2,77.1,31.6,25.5,60.0,63.4,78.3,70.3,16.5,15.2
Jul,2007,43.2,83.0,61.5,11.7,16.4,34.2,34.2,22.3,11.7,0,3.8
Aug,2007,25.9,84.6,63.3,47.9,46.9,64.9,68.6,82.4,49.7,26.2,52.8
Sep,2007,21.9,27.7,25.6,38.9,35.1,0.7,0.7,24.6,26.9,14.3,3.2
Oct,2007,78.9,86.5,109.7,113.1,136.0,2.0,23.6,136.7,184.8,70.3,131.2
Nov,2007,28.3,84.9,174.8,213.7,149.9,170.3,126.8,112.0,114.6,113.7,137.0
Dec,2007,10.1,84.9,68.3,167.2,92.8,5.5,68.4,67.2,134.3,45.8,80.1
Jan,2008,-99.0,30.4,28.4,74.8,34.1,70.9,70.9,72.5,51.5,52.3,24.9
Feb,2008,11.9,0.0,6.0,8.2,13.1,5.5,5.5,34.8,5.0,56.1,55.1
Mar,2008,55.8,199.9,159.5,124.5,119.5,79.1,79.1,200.8,140.5,161.4,200.9
Apr,2008,380.5,379.8,353.9,584.0,555.2,467.1,467.1,526.6,516.9,303.8,378.9
May,2008,244.2,247.5,203.6,115.7,122.8,46.9,46.9,93.3,236.0,62.4,13.3
Jun,2008,69.9,58.4,80.2,64.6,65.6,12.1,12.1,64.8,24.2,10,13.5
Jul,2008,67.2,37.0,55.0,12.3,11.8,9.9,9.9,47.9,53.6,6.7,0.0
Aug,2008,17.2,19.2,10.9,51.2,56.3,5.9,5.9,41.3,44.1,10.4,18.4
Sep,2008,12.2,22.0,12.9,13.2,30.9,9.9,9.9,43.0,54.4,16.7,7.9
Oct,2008,41.4,56.4,90.8,90.2,77.1,20.8,20.8,110.5,57.6,95,165.2
Nov,2008,76.6,136.7,52.2,242.6,121.8,9.7,9.7,144.6,14.3,116.8,124.0
Dec,2008,-99.0,126.9,24.3,63.3,77.2,7.7,7.7,61.3,29.6,11.7,10.0
Jan,2009,15.6,0.0,28.4,106.2,54.8,0.9,108.0,35.4,23.1,17.9,26.4
Feb,2009,114.4,50.3,135.1,126.9,64.3,11.9,118.9,98.7,94.6,61.8,155.2
Mar,2009,159.8,0.0,115.0,154.1,181.6,27.9,129.3,175.4,169.4,103.8,140.3
Apr,2009,273.4,0.0,538.2,201.7,121.1,212.7,150.3,244.5,253.8,240.1,87.5
May,2009,257.4,0.0,352.3,111.8,80.6,50.5,90.8,143.1,161.1,25.2,52.4
Jun,2009,233.1,0.0,148.4,95.4,97.1,70.1,68.7,80.0,104.0,10.6,12.4
Jul,2009,8.2,45.9,18.0,9.3,14.5,47.5,23.0,30.9,68.7,1.4,5.0
Aug,2009,9.9,15.3,22.3,24.2,19.3,24.2,9.4,27.0,46.6,5.8,9.0
Sep,2009,1.5,0.0,3.1,2.1,3.7,2.5,0.0,5.8,50.2,2.1,0.0
Oct,2009,109.8,0.0,103.3,61.8,89.4,27.1,23.1,137.8,154.0,38.8,29.0
Nov,2009,68.1,81.8,120.5,194.9,130.9,13.6,17.4,56.6,64.8,18.2,46.5
Dec,2009,169.9,184.2,211.9,140.2,147.0,90.9,152.1,229.4,262.3,69.9,82.0
Jan,2010,28.7,38.1,9.7,46.6,51.4,99.0,85.5,49.4,60.0,14,16.6
Feb,2010,22.4,55.9,57.7,21.1,59.0,34.2,37.9,89.8,42.6,83.2,35.2
Mar,2010,225.0,131.9,259.1,223.3,251.0,83.0,145.8,129.5,77.5,167.7,145.9
Apr,2010,454.2,610.9,508.7,252.7,272.2,158.2,381.5,376.9,251.5,362.2,311.2
May,2010,551.5,869.8,654.6,193.8,188.1,113.8,202.4,298.0,318.5,119,213.5
Jun,2010,142.4,278.1,136.1,48.1,49.0,28.6,129.5,54.0,38.5,14.6,25.5
Jul,2010,32.3,32.8,51.6,0.3,4.5,5.8,18.6,2.9,0.0,7.1,2.2
Aug,2010,15.4,13.5,19.6,20.0,23.2,7.4,26.5,55.5,26.1,15.8,10.8
Sep,2010,13.8,29.5,20.2,43.4,38.5,3.4,31.1,54.6,174.6,46.2,19.9
Oct,2010,65.2,52.0,74.7,86.6,159.9,6.0,4.4,8.5,13.5,0.4,3.3
Nov,2010,17.8,345.4,74.3,169.1,147.1,14.7,64.4,187.1,87.0,48.7,48.5
Dec,2010,13.9,114.0,18.3,102.4,51.7,8.0,38.2,49.3,50.0,85.3,31.0
Jan,2011,6.1,22.3,11.8,48.8,15.4,3.3,52.8,35.9,20.5,4.1,-99
Feb,2011,37.7,18.8,29.2,1.7,2.1,23.6,46.0,0.6,0.0,103.8,-99
Mar,2011,60.1,164.5,227.5,51.9,18.5,42.4,198.1,286.5,219.3,26.3,-99
Apr,2011,312.7,461.1,317.2,463.4,330.7,88.6,296.1,549.9,392.5,224.4,-99
May,2011,412.4,576.7,425.4,262.8,352.1,194.6,202.4,339.5,412.1,106.7,-99
Jun,2011,24.3,82.3,36.9,38.3,41.4,5.5,5.5,47.1,52.5,29.7,-99
Jul,2011,39.0,20.9,34.0,0.7,1.2,16.4,5.0,33.6,0.0,11.9,-99
Aug,2011,22.7,20.6,21.1,30.2,21.3,8.9,6.8,42.0,42.7,26.3,-99
Sep,2011,44.8,57.9,114.9,147.4,136.0,9.8,22.1,177.8,172.7,54.4,-99
Oct,2011,232.2,216.8,230.2,218.0,157.0,47.3,64.6,141.9,161.5,31.6,-99
Nov,2011,148.9,319.5,213.2,393.2,279.1,50.7,101.7,390.9,332.8,316.5,-99
Dec,2011,-99.0,174.6,174.0,92.1,108.6,134.8,220.5,139.4,110.5,377.2,-99